Dt.Ref: 18/05/2026,
,
Hora: 10:49:06,
,
Emissăo: 18/05/2026,
,
Codigo,Nome
50127,JOAO SILVA
50130,MARIA OLIVEIRA
50133,CARLOS SOUZA
50140,ANA PEREIRA
50198,PAULO COSTA
50214,JULIANA ROCHA
50294,ROBERTO LIMA
50330,FERNANDA ALVES
50462,MARCOS FERREIRA
50476,PATRICIA GOMES
50521,LUCAS MARTINS
50528,CAMILA BARBOSA
50532,GUSTAVO RIBEIRO
50541,RENATA MORAES
50630,TIAGO MELO
50667,BRUNA CARDOSO
50733,FELIPE DIAS
50791,AMANDA TEIXEIRA
50795,DANIEL SANTOS
50834,VANESSA NUNES
50848,EDUARDO ARAUJO
50947,PRISCILA CAMPOS
50958,LEONARDO BATISTA
50960,GABRIELA PINTO
50994,RAFAEL MOREIRA
51043,CAROLINA MACHADO
51051,ANDRE CUNHA
51053,LUANA FREITAS
51127,VINICIUS LOPES
60123,TATIANA MONTEIRO
60145,MATEUS CORREIA
60156,ALINE REIS
60169,HENRIQUE CASTRO
60180,BEATRIZ VIEIRA
60237,DIEGO FARIAS
60272,MONICA DUARTE
60293,RICARDO NEVES
60294,SABRINA TAVARES
60303,FABIO PEIXOTO
60310,MICHELE RAMOS
60319,IGOR MENDES
60322,DANIELA LUZ
60338,CESAR QUEIROZ
60339,ELAINE BORGES
60348,ADRIANO SALES
60352,FLAVIA PORTO
60385,SERGIO XAVIER
60392,TALITA BRAGA
60411,WILLIAM REZENDE
60433,YASMIN MOURA
60434,ALBERTO SILVEIRA
60436,BIANCA MACEDO
60438,CAIO ANDRADE
60447,DEBORA AGUIAR
60448,ERICK VALENTE
60449,FRANCINE SIQUEIRA
60452,GEOVANI PRADO
60458,HELENA PINHEIRO
60470,ISMAEL TORRES
60474,JESSICA LEAL
60479,KLEBER PACHECO
60480,LARISSA COELHO
60482,MAURICIO VARGAS
60487,NATALIA FIGUEIREDO
60491,OCTAVIO MATOS
60493,PAMELA GUERRA
60497,QUELEN RIOS
60498,REGINALDO DINIZ
60499,SAMARA LACERDA
60514,THIAGO AMORIM
60521,ULISSES BARROS
60525,VALERIA COUTO
60533,WELLINGTON ASSIS
60538,XENIA FONSECA
60544,YURI CAVALCANTE
60549,ZILDA NOGUEIRA
60551,ALAN MORAIS
60556,BRENDA MIRANDA
60557,CRISTIANO PAIVA
60560,DAYANE BRITO
60561,EDER RODRIGUES
60563,FABIANA ALEXANDRE
60564,GILBERTO VIANA
60570,HUGO SALLES
60572,IVONE CARNEIRO
60583,JONAS MARQUES
60590,KARINA FOGAÇA
60593,LUIS OTAVIO
60595,MARCIA PAES
60597,NELSON BASTOS
60601,ORLANDO MOTA
60602,PAULA CHAVES
60605,QUEILA AZEVEDO
60609,RODRIGO GALVAO
60610,SUELEN MATIAS
60616,TAINA DUQUE
60627,UMBERTO REIS
60630,VITOR HENRIQUE
60631,WAGNER LEMOS
60632,YARA COSTELA
60633,ZENON PIMENTA
60636,ALICE BARROS
60641,BRUNO FALCAO
60645,CINTIA REZENDE
60650,DAVI CORDEIRO
60653,ELISA PONTES
60655,FREDERICO VEIGA
60656,GISELE ARRUDA
60661,HEITOR MANSUR
60663,ILANA SERRA
60667,JAIR DOMINGUES
60671,KAREN PASSOS
60675,LEANDRO TERRA
60681,MELINA BRASIL
60682,NORBERTO FARIA
60692,OLIVIA MENEZES
60705,PABLO TELES
60706,QUITERIA LIMA
60710,ROGERIO PINHEIRO
60717,SIMONE DORNELLES
60719,TEOFILO BORGES
60729,URSULA FERREIRA
60745,VICENTE MOURAO
60748,WESLEY PONTUAL
60752,XIMENA RIBEIRO
60753,YAGO MENDONCA
60756,ZENAIDE SOARES
60758,ALEXANDRE MEIRELES
60759,BETHANIA CAMPOS
60760,CLAUDIO VIANA
60763,DENISE PACHECO
60765,EVERTON LEITE
60767,FLORA MATTOS
60771,GERALDO SENA
60773,HILDA PEREZ
60774,ITALO RANGEL
60775,JOICE MORAES
60776,KAUA TEODORO
60777,LETICIA VELASCO
60778,MARLON SIQUEIRA
60779,NAIARA TAVARES
60780,OSMAR FREITAS
60782,POLIANA COSTA
60787,RAUL FIGUEIREDO
60790,SHEILA PRADO
60791,TULIO BERNARDES
60792,UGO PACHECO
60795,VERA MENDES
60796,WILSON NOBRE
60797,XAVIER ARAUJO
60800,YONE ALBUQUERQUE
60801,ZULEICA BATISTA
60802,ANDRESSA SILVA
60803,BENICIO CAMPOS
60804,CECILIA MOURA
60809,DOUGLAS BARBOSA
60811,EMERSON PEREIRA
60815,FRANCISCA LOPES
60817,GIOVANA NUNES
60820,HAROLDO SOUZA
60821,ISABELA VIEIRA
60822,JOAQUIM ALMEIDA
60823,KATIA ROCHA
60829,LUCIANO TAVARES
60830,MARINA BORGES
60832,NICOLE FERNANDES
60834,OTAVIO RAMOS
